"id","age","gender","height_cm","weight_kg","grip_strength_kg","extraversion","agreeableness","conscientiousness","neuroticism","openness","self_perceived_status","dominance","prestige","social_confidence","number_close_friends","relationship_status","leadership_interest"
"P001",18,"Woman (cisgender)",165.4,61.3,15.6,4.1,3.8,3.4,3.9,5.5,4.4,4.1,4.7,3.3,1,"Single",3.8
"P002",18,"Man (cisgender)",180.9,78.1,48.2,3.6,5.8,4.4,6.3,3.9,3.2,2.6,4,2.4,6,"Single",4
"P003",18,"Man (cisgender)",180.2,66.3,37.1,2,5.2,4,3.1,3.3,3.4,2.8,3.3,4.1,2,"Single",2.9
"P004",20,"Woman (cisgender)",146.6,47.9,24.2,3.6,3,3.4,3.1,3.8,4.8,5.2,4.5,3.5,6,"Single",5.2
"P005",22,"Man (cisgender)",182.9,70.2,37.1,3.8,5.4,3.9,3.2,5.1,3.2,3.6,3.7,4.1,2,"Single",3.1
"P006",22,"Man (cisgender)",181.5,91.3,34.4,4.1,3.8,3.5,3.2,2.7,4.3,4.6,4.3,4.1,4,"Dating",2.7
"P007",20,"Woman (cisgender)",161.7,65.8,17.5,6.3,4.3,3.9,4,4.7,3.9,4,5.1,4.2,8,"Committed relationship",4.6
"P008",22,"Man (cisgender)",169,81.5,48.4,3.3,4.9,4.6,4.6,5.4,3.6,3.8,3.8,2.6,5,"Committed relationship",3
"P009",19,"Woman (cisgender)",166,62.7,18.1,3.9,4.3,4.8,3.9,4.6,3,3.7,3.6,4.8,5,"Committed relationship",3.8
"P010",18,"Genderqueer or gender non-conforming",167.7,57.4,34.7,5.3,2.4,5.1,2.6,3.6,4.3,5.4,4.7,5.9,3,"Committed relationship",5.1
"P011",21,"Woman (cisgender)",,51.5,22.6,4.7,2.9,3.3,5.2,2.6,2.7,5.1,3.3,3.3,2,"Committed relationship",4.9
"P012",20,"Woman (cisgender)",,56.1,16.2,2.5,3.4,3.7,3.4,3.3,4.6,4,4.4,5.5,3,"Committed relationship",3.6
"P013",19,"Woman (cisgender)",160.5,62.8,17.6,4.1,4.7,3.5,2.9,4.5,3.3,3.3,4.6,4.2,5,"Dating",3.4
"P014",23,"Woman (cisgender)",161.8,,28.2,4,4.5,4.7,4.6,4.5,3,3.3,3.3,3.2,3,"Single",4.8
"P015",21,"Woman (cisgender)",168.3,68.4,23.5,3.2,2.6,4.1,4.5,2.8,3.4,3.9,4.2,3.2,9,"Committed relationship",3.2
"P016",20,"Man (cisgender)",173.3,99.4,41.8,3.6,1.7,3.9,3.7,4.2,3.2,3.3,2.8,4,5,"Dating",3.9
"P017",21,"Woman (cisgender)",168.3,46.5,22,5.5,3.2,4.2,4.3,4.5,4.4,4,3.8,4.9,7,"Committed relationship",3.4
"P018",18,"Man (cisgender)",168.1,65.9,33.2,2.8,4.2,5,3.8,4.3,4.5,3.3,5.4,3.2,5,"Dating",2.9
"P019",21,"Woman (cisgender)",159.4,50.2,27.1,3.2,4.7,3.8,4.4,4.5,2.9,3.4,2.9,3.7,5,"Single",2.6
"P020",18,"Woman (cisgender)",164.8,37.1,20.3,3.2,3.8,3.4,4,4.6,3.5,4.9,3.6,4.3,2,"Dating",5.2
"P021",24,"Man (cisgender)",187.6,68.8,45.9,3.5,3.1,3.5,3.1,3.9,4.2,4.2,3.8,5,5,"Dating",5.2
"P022",20,"Woman (cisgender)",159.2,48.5,18.2,3.8,5.1,2.2,3.8,3.7,4.7,3.5,2.5,4.1,3,"Single",5
"P023",18,"Woman (cisgender)",,63.4,14.4,3.2,2.8,4.6,4.2,4.3,3.1,2.8,3.8,3,2,"Single",4
"P024",21,"Man (cisgender)",174.2,86.5,42.5,3.1,2.8,3.8,5,4.4,2,2.9,2.2,3.2,3,"Single",3.5
"P025",18,"Woman (cisgender)",161.7,69.6,16.9,2.1,4.4,3.5,3.7,4.4,4.3,4.5,3,3.3,1,"Single",4.3
"P026",24,"Man (cisgender)",171.8,76,40.5,5.3,4.4,4.6,4.3,5.2,4.1,4.6,5.3,4.1,8,"Committed relationship",4.6
"P027",21,"Woman (cisgender)",176.3,54.4,30.9,4,5.1,3.1,3.5,3.8,4,4.1,3.1,4.8,6,"Single",4.8
"P028",19,"Woman (cisgender)",159.8,53.6,34.8,5.2,4.2,4.3,5.2,3.6,3.4,4.3,4.8,2.7,,"Committed relationship",5.3
"P029",23,"Woman (cisgender)",155.2,67.9,13.5,5.2,3.5,4.2,5.4,5.1,4.3,3.7,5,3.6,6,,3.1
"P030",19,"Woman (cisgender)",165.8,67.5,21,5.5,4.5,4.7,3.4,4.4,4.1,4.4,4.8,,,"Single",5.2
"P031",18,"Woman (cisgender)",171,55,12.9,1.7,4.8,3.9,3.6,2.7,2.7,2.2,2.4,3,3,"Committed relationship",2.4
"P032",21,"Man (cisgender)",171.2,74.3,19.8,2.6,3.6,6,6.2,3.6,3,2.8,4.2,1.5,2,"Dating",3
"P033",19,"Woman (cisgender)",168.9,47.1,23.9,5,4.8,2.8,3.1,4.8,4.4,3.8,3.8,4.3,12,"Committed relationship",3.4
"P034",21,"Man (cisgender)",179.4,66.1,31.2,4.4,4.3,4.4,4.1,3.8,4.2,2.4,3.9,4.2,2,"Single",4.2
"P035",21,"Woman (cisgender)",169.6,68.6,31.2,3.2,3.7,4,3.9,2.5,4.1,4.3,5.2,3.9,3,"Single",3.9
"P036",21,"Woman (cisgender)",160.6,58.7,13.7,4.7,3.2,4.4,3.8,3.8,4.4,5.2,3.5,4.1,9,"Committed relationship",3.6
"P037",21,"Woman (cisgender)",161.9,80,24.6,4.9,4.2,4.1,5.6,3.1,5.3,4.7,5.4,3.3,5,"Committed relationship",3.3
"P038",18,"Woman (cisgender)",161.9,64.1,28.6,3.3,3.5,3.7,2.6,3.6,2.6,3.2,2.7,4.6,5,"Single",3.4
"P039",19,"Non-binary",156.1,56.1,27.4,3.6,6,4.2,4.3,6.3,3.4,3.1,3.4,3.3,3,"Dating",3.5
"P040",18,"Transgender man",163.1,82.8,31,3.6,2.7,4.7,3.6,4,3.7,3.7,3.7,3.6,7,"Dating",3.1
"P041",21,"Prefer not to answer",160,53.9,,2.9,3.9,4.8,4.5,4,1.9,4.3,3.7,3.6,1,"Single",3.7
"P042",21,"Transgender woman",164.7,70.4,29.6,5,4.8,3.9,4.6,3.6,4.3,5.2,4.1,3.1,3,"Single",4.4
"P043",18,"Woman (cisgender)",163.3,64.8,35.1,3.4,4.6,4,5.5,5,5.2,3.9,3.3,3.9,3,"Committed relationship",3.8
"P044",18,"Woman (cisgender)",174.1,62.3,34.8,4.3,2.9,5.7,3.8,5,4.5,3.7,3.7,4.5,0,"Dating",4.9
"P045",23,"Man (cisgender)",172.2,82.6,,4,4.6,3.3,2.8,3,4.3,4.4,4,,0,"Dating",4.3
"P046",25,"Man (cisgender)",,75.3,32.3,4.8,3.4,6.2,5.4,4.4,4.1,4.8,2.8,4.1,4,"Dating",4
"P047",19,"Man (cisgender)",180.3,89.7,31.8,3.4,3.5,3.8,3.4,2.6,2.5,4.2,3,4.3,1,"Single",5
"P048",20,"Man (cisgender)",175.9,58.4,41.8,4.7,4.1,4.5,4.8,5,3.9,4.3,5.9,4.3,6,"Dating",3.9
"P049",21,"Man (cisgender)",190,87.3,,4.9,3.7,5.2,2,4.8,4.8,4.5,4.3,5.3,8,"Dating",4.1
"P050",21,"Man (cisgender)",178.4,65.3,32.7,5,3.4,4.4,4.7,2.5,4.8,4.1,4.1,3.2,7,"Single",6
"P051",20,"Woman (cisgender)",169.3,53.8,,4,4.5,3.4,4.8,4.3,2.9,2.7,2.8,3.7,3,"Single",3.9
"P052",18,"Woman (cisgender)",167.2,55.5,22.9,4.9,3.8,5.1,4.8,4.3,2.5,4.8,2.2,4.5,5,"Dating",4.8
"P053",20,"Non-binary",164,68,19.7,4.3,3.2,4,3.3,3.1,4.2,3.5,5.3,5.4,4,"Committed relationship",3.9
"P054",21,"Woman (cisgender)",168,61.8,22.1,4.6,4.3,3.7,5.1,4.7,4.5,3.9,3.8,3.8,9,"Committed relationship",4.3
"P055",19,"Man (cisgender)",179.1,77.2,30.1,3.7,2.6,3.3,5,4.2,3.6,4.5,4,2,2,"Single",4
"P056",25,"Man (cisgender)",186.9,68.7,39.6,3.4,4,3.7,4.1,4.2,4.3,3.8,3.6,4.3,4,"Single",3.5
"P057",19,"Man (cisgender)",167.7,81.6,34.9,4.3,3.8,3.3,2.1,5.9,4.6,3.8,4.6,4.5,4,"Dating",3.8
"P058",18,"Transgender man",179.5,85.6,25.2,5.1,3.3,3.4,4.4,5.9,3.2,4.5,3.1,5.5,8,"Dating",5
"P059",19,"Woman (cisgender)",153.1,65.7,18.6,3.8,5.5,5.7,3.4,4.8,2.8,3.2,3.3,3.4,2,"Committed relationship",4.3
"P060",20,"Woman (cisgender)",158,44.4,12.6,4.5,3.1,3.8,4.7,3.7,4.4,5,3.1,3.2,2,"Single",4.8
"P061",23,"Woman (cisgender)",155.9,71.1,29.9,4,4.9,4.7,4.4,3.2,4.1,4,2.9,3.1,4,"Committed relationship",3.5
"P062",19,"Woman (cisgender)",163.1,71.5,23.4,5.5,5.4,5,3.8,4,3.7,3.5,3.4,5.4,9,"Single",4.6
"P063",23,"Man (cisgender)",171.9,80.8,32.6,3.2,2.3,3.5,3.5,4.3,3.4,3.5,4.5,4.8,3,"Single",2.3
"P064",19,"Woman (cisgender)",157.6,40.5,18.8,3.4,2.9,3.3,3.1,5.2,2.7,3.6,3,4.3,2,"Single",4.4
"P065",18,"Woman (cisgender)",160.8,68.9,27.6,4.2,3.1,2.9,4.5,4,4.8,4.2,3.8,4.9,3,"Single",3.7
"P066",22,"Non-binary",161.2,60.4,27.7,4,3.2,3.8,3.8,4.1,4.4,4.1,4.3,4.9,6,"Single",4.4
"P067",20,"Genderqueer or gender non-conforming",160.5,62.8,20.3,3.8,3.4,3.9,4.6,3.6,2.9,4.2,3.4,3.9,5,"Dating",4.2
"P068",25,"Man (cisgender)",179.6,,35.8,4.5,3.8,3.9,5.8,4,4.3,4.3,2.5,3.9,6,"Dating",3
"P069",20,"Woman (cisgender)",164.5,54.7,26.9,4.6,3.8,3.9,2.9,4.9,4,4.2,3.9,4.4,4,"Dating",4.8
"P070",20,"Man (cisgender)",,79,48.6,2.4,3.5,3.5,3.6,3,3.9,3.6,3.4,1.8,0,"Dating",2.2
"P071",18,"Man (cisgender)",176.6,72.7,40.5,4.8,5,2.8,3.1,4.7,4.2,3.2,4.2,4,7,"Single",3.8
"P072",19,"Man (cisgender)",188.2,73.8,36.1,3.3,4,5.5,3.1,5.2,4.1,4.2,3.9,4.6,2,"Dating",3.7
"P073",21,"Man (cisgender)",182.6,83,37.6,3.6,5.2,3.3,3.6,4.2,3.8,4.9,5.5,3.5,3,"Dating",4.9
"P074",19,"Non-binary",175.4,66.1,19.8,3.3,3.6,4.2,3.4,3.5,3.6,4.1,3.6,3.5,3,"Dating",3.6
"P075",20,"Woman (cisgender)",157.7,55.9,24.4,3.7,3.6,3.6,4.1,4.5,2.5,4.1,2.3,3.3,2,"Single",3.9
"P076",19,"Woman (cisgender)",167.8,56.5,26.5,3.8,2.4,3.3,3.5,4.6,4.7,6.1,4.4,4.4,5,"Dating",5.3
"P077",20,"Woman (cisgender)",151.3,66.5,23.6,4.5,3.8,4.9,5.5,5.2,3.9,5.3,4,3.1,2,"Committed relationship",5.4
"P078",18,"Woman (cisgender)",166.2,48.3,,3.1,4.2,3.6,2.8,3.8,4.4,2.6,3.7,4.1,1,"Committed relationship",3.5
"P079",19,"Woman (cisgender)",162.8,53.4,12.2,3.1,3.7,4.6,2.3,4,4.5,4.5,5.4,3.5,3,"Committed relationship",3.4
"P080",19,"Woman (cisgender)",160.9,51.9,20.9,4.9,3.3,3.3,3.8,2.1,3.7,3.7,2.8,5.1,5,"Dating",4.3
"P081",25,"Woman (cisgender)",176.9,86.1,28.7,3.2,2.9,4.2,4.7,5.9,3.6,3.7,4.7,3.7,5,"Single",2.4
"P082",22,"Woman (cisgender)",167.1,59,18.7,3.3,4.8,3.5,2.6,3.5,3.3,3.6,3.2,5.2,4,"Single",3.7
"P083",21,"Genderqueer or gender non-conforming",163.7,59.2,28.1,3.4,4.2,3.5,4.5,3,4.9,3.8,3.9,2.7,1,"Committed relationship",2.7
"P084",21,"Man (cisgender)",185.6,92.3,38.8,4.3,2.6,5.7,3.8,4.2,2.8,3.6,3.5,4.4,6,"Committed relationship",4.3
"P085",20,"Woman (cisgender)",163.2,77.4,19.7,2.9,4.4,5.8,3.8,5,5.1,4.9,3.9,3.7,1,"Single",5.4
"P086",21,"Woman (cisgender)",168.2,69,23.1,5.5,5,4,3.3,4.2,4.3,3.6,4,4,,"Dating",3.5
"P087",22,"Man (cisgender)",180.5,94.3,37.3,3.2,4.1,4.3,4.7,5.2,4.3,3.2,3.6,3.9,5,,3.9
"P088",19,"Woman (cisgender)",158,51.4,12.7,2.3,2.9,3.1,3.9,3,4,3.3,3.7,3.2,4,"Single",2
"P089",21,"Woman (cisgender)",158.6,54.2,19.5,2.4,3,4.1,4.6,3.6,3.8,2.7,2.7,4.5,2,"Single",1.2
"P090",19,"Woman (cisgender)",172.4,70.1,28.6,1.8,4.8,3.6,3.2,3.4,3.1,1.9,2.7,4.9,2,"Dating",2.4
"P091",21,"Man (cisgender)",180.7,72.6,28.1,3.8,3.2,4.1,5.2,5.5,4.7,3.9,4.1,4.7,4,"Single",4.1
"P092",19,"Woman (cisgender)",166.2,71.5,9.3,2.3,4.9,4.1,5.3,2.9,4.1,3.1,4.4,3,6,"Committed relationship",3.4
"P093",18,"Woman (cisgender)",161.2,66.7,18.9,4.3,3.7,4,4.7,4.9,4,4,4.3,3.5,5,"Committed relationship",4.1
"P094",24,"Woman (cisgender)",168.3,75.5,15.2,3.9,5.6,3.4,3.8,4.2,4.6,3.9,5,2.9,5,"Dating",3.9
"P095",19,"Man (cisgender)",187.5,89.9,38.3,4.7,4.6,4.9,3.5,5.5,4.9,4.6,4.5,4.3,6,"Committed relationship",4.1
"P096",23,"Man (cisgender)",182.2,84.7,37.1,3.7,4.6,2.5,3.7,4.3,3,2.6,4,3.8,7,"Committed relationship",3.4
"P097",19,"Man (cisgender)",174.9,76,40.1,4.6,5.2,3.8,3,3.6,3.9,3.8,2.8,3.9,5,"Single",3.4
"P098",23,"Woman (cisgender)",167.2,61.2,18.1,3.7,3.8,4.9,3.2,4.1,4.6,3,3.3,5.2,7,"Dating",4.1
"P099",19,"Man (cisgender)",187.7,75.5,,4.7,5.3,4.6,4.2,3.8,3.7,4.5,4.5,5.7,8,"Dating",5.1
"P100",19,"Woman (cisgender)",160.2,58.8,7.4,4.3,2.5,3.3,4.1,4.8,3.7,3.6,3.2,4.5,4,"Dating",3.6
"P101",18,"Woman (cisgender)",167.5,59.2,22.6,4.8,5.9,2.8,3.3,4.8,3.6,3,2.9,4.4,8,"Single",3.2
"P102",23,"Man (cisgender)",173.9,70.3,33.3,4,3,3,3.7,4,3.5,2.9,2.7,5.1,3,"Dating",3.2
"P103",20,"Woman (cisgender)",161,69,22.7,3.7,5.1,4.2,3.9,4.2,3,4.7,4.6,3.6,2,"Single",4.9
"P104",18,"Woman (cisgender)",159.5,66.5,29.7,2.4,3.4,4.6,3.7,5.1,2.6,3.1,4.4,2.2,2,"Committed relationship",4
"P105",19,"Man (cisgender)",175.5,76.5,36.4,4.1,3.1,4.5,2.6,3.4,5.5,5.4,4.7,5.3,3,"Single",4.6
"P106",21,"Not listed (please specify): _____",169.4,42.1,32.2,4.9,3.7,4.5,4.2,2.8,5,4.1,5.1,3.4,8,"Single",4.6
"P107",18,"Woman (cisgender)",169,65.4,25.6,3.5,4.2,3.9,3.5,4.1,3.2,3.1,2.9,4,1,"Dating",2.3
"P108",19,"Woman (cisgender)",165.3,58.3,19.7,3.4,3.7,5,4.9,5,4.9,5.6,4.8,3.4,4,"Single",4.5
"P109",19,"Woman (cisgender)",174.2,72.9,25.4,2.3,2.7,4.6,4,3.8,4.8,3.6,4.4,3.9,1,"Single",3.5
"P110",19,"Man (cisgender)",176.1,67.8,34.5,4.6,3.8,3.5,3.3,3.2,4.3,5.7,3.3,4.7,1,"Committed relationship",4.9
"P111",22,"Man (cisgender)",168.6,75,32.2,4.3,3.4,5.1,5.1,2.4,4.6,4.5,5.9,3.7,5,"Committed relationship",4
"P112",20,"Woman (cisgender)",158.1,,19.1,3,3.8,5.2,1.4,4.7,4.2,3.1,4.2,4.4,4,"Single",3.3
"P113",18,"Man (cisgender)",182.5,77.1,35.3,4.1,3.7,3.9,2.3,4.4,3.7,3.1,4.3,3.7,5,"Dating",4.1
"P114",19,"Man (cisgender)",172,78,29.4,4.6,5.6,5.3,4.7,4.2,4.4,3.6,4.2,4.1,3,"Committed relationship",3.6
"P115",22,"Non-binary",163.6,75.8,28,5.5,3.9,3,4.8,4.5,4.2,5.3,4.5,4.2,4,"Single",4.1
"P116",18,"Woman (cisgender)",158,64.8,16.3,2.7,2.4,2.9,6.4,4.9,2.9,2.7,2.8,1.7,0,"Committed relationship",1.9
"P117",21,"Woman (cisgender)",164.8,60.6,21.7,4.8,4.3,4.5,2.8,2.5,5.1,5,4.3,5.2,8,"Single",5.4
"P118",19,"Non-binary",160.3,62.7,18,4.1,4.7,3.4,4.5,5.2,2.5,3.5,3.1,4.2,4,"Committed relationship",3.1
"P119",20,"Woman (cisgender)",163.5,,14.3,3.9,4.1,4.4,3.6,6.3,4.7,4,3.4,3.7,4,"Committed relationship",5.8
"P120",19,"Man (cisgender)",169.3,59,24.7,3.9,3.9,4.5,5.6,4.8,3.5,3.7,4.5,4.4,2,"Dating",4.4
"P121",20,"Woman (cisgender)",173.9,73.1,,4.6,4.8,3.3,5.4,3.2,4.2,6.2,4.5,4.2,4,,5.5
"P122",18,"Man (cisgender)",182.5,81,38.8,3.2,3.2,3.7,4.8,4.7,4.7,4.3,3.1,2.9,2,"Single",4.3
"P123",18,"Not listed (please specify): _____",164.5,63,20.4,4,4.4,3.9,4.3,4.3,3.8,5.3,3.4,3.3,4,"Dating",4.8
"P124",19,"Woman (cisgender)",172.7,66.2,29.4,3.6,3.2,4.3,3.6,3.8,3.9,4.5,3.1,4.1,3,"Single",4
"P125",22,"Woman (cisgender)",161.5,59.1,35.6,3,5.2,4.3,3.8,3.9,4.5,2,3.8,4.1,2,"Single",1.8
"P126",18,"Man (cisgender)",182,86.8,42.8,3.4,3.8,2.7,4.5,5.7,5.3,4.7,5.1,3.6,8,"Single",4.1
"P127",19,"Man (cisgender)",180,59.2,35.4,3.5,4.5,5.4,3.3,3.7,3.2,3.2,4.9,3.6,6,"Dating",3.9
"P128",21,"Woman (cisgender)",167.2,59.6,18.5,2.9,4.3,5.5,3.1,4.7,2.6,2,3.9,4.6,4,"Dating",2.3
"P129",18,"Woman (cisgender)",170.4,72.6,22.3,3.4,4.6,2.9,3,3.5,4.8,4.6,4.8,3.5,,"Committed relationship",4.8
"P130",22,"Woman (cisgender)",171.9,75.7,16.2,5,4.5,3.7,2.7,4,4.7,4.5,4.6,5.6,7,"Single",5.2
"P131",20,"Man (cisgender)",188.9,82.2,35.4,5,2.9,3.9,3.8,3.7,3.5,4.1,3.8,4.7,1,"Single",3.9
"P132",23,"Man (cisgender)",175.1,73.3,36.2,3.4,2.6,3.9,4,3.5,3.3,3.5,3.8,4.1,4,"Single",3.5
"P133",21,"Woman (cisgender)",153.5,63.9,7,4.4,5.1,4.6,3.7,3.7,3,4.3,3.9,4.5,6,"Single",4.6
"P134",20,"Transgender woman",168.3,64.1,20.4,4.9,3.1,3.1,3.8,4.4,5.1,4.4,3.3,3.6,5,"Committed relationship",4.3
"P135",22,"Man (cisgender)",171.8,77.4,19.3,3.6,4.4,4.9,4.6,3.8,5.3,3.7,3.6,4.5,7,"Committed relationship",4
"P136",22,"Woman (cisgender)",159.6,48.5,15.9,4.8,3.7,4.5,2.6,5.3,5.4,4.7,3.1,,3,"Committed relationship",4.4
"P137",18,"Woman (cisgender)",152.3,28.1,22.2,4.1,4.9,3.4,5.8,4.5,3.9,3.3,3.6,2.8,5,"Single",2.7
"P138",20,"Woman (cisgender)",161.5,70.4,27.4,4.5,4.4,5.3,3.4,4.4,4.9,5.9,4.6,4.5,10,"Single",4.8
"P139",18,"Man (cisgender)",174.6,82.7,37.7,3.7,3.9,3.6,3.1,3,5.4,4.2,4.2,4.2,3,"Single",3.7
"P140",18,"Woman (cisgender)",163.7,46,21.7,3.7,4.5,3.7,4.6,4.3,3.5,2.8,4.9,3.9,4,"Single",2.3
"P141",18,"Woman (cisgender)",171.4,,18.9,4.5,4.5,3.4,5.3,5,4.4,3.8,4.3,3.4,0,"Single",3.7
"P142",18,"Woman (cisgender)",169.6,79.9,30.8,4.5,4.5,3.4,3.5,3,4.8,5.1,4.3,3.8,3,"Single",4.1
"P143",20,"Woman (cisgender)",157.8,64.2,31.1,3.6,5.1,4,5.2,5.1,4.8,5.6,3.9,4.4,4,"Single",3.2
"P144",18,"Man (cisgender)",,76.8,35.6,4.2,3.9,4,4.5,3.6,4.8,3.6,4.6,4.1,6,"Single",3.6
"P145",20,"Woman (cisgender)",161.1,49.8,15.7,3.4,4.6,3.9,3.4,5.1,4.1,4,4.4,3.5,5,"Single",3.9
"P146",18,"Woman (cisgender)",157.9,45.4,22,3.5,3.4,3.9,2.9,3.7,2.5,3.8,3.1,4.1,3,"Single",4.2
"P147",23,"Woman (cisgender)",157.4,65.6,24.5,5.4,4.2,3.5,5.3,3.5,5.2,5.6,2.6,4.6,4,"Single",4
"P148",19,"Woman (cisgender)",178.2,73.7,23.6,4,4.3,3.9,3.3,2.6,6.3,4.9,5.5,5,2,"Committed relationship",4.8
"P149",22,"Woman (cisgender)",155.8,67.7,10.7,2.5,5.2,5.2,3.5,5,3.6,3.2,4.4,4.1,0,"Dating",2
"P150",22,"Man (cisgender)",173.3,78.3,44,3.4,2.8,5.5,3.7,4.2,4.7,4,3.8,4.1,6,"Dating",3.6
"P151",20,"Man (cisgender)",183.5,86.9,34.8,3.4,3.8,4.4,3.2,4.8,3.3,4.2,3.9,,3,"Dating",3.4
"P152",25,"Man (cisgender)",183.7,84.7,36.4,4.9,4.2,4.7,3.6,4.6,4.4,4.3,4.4,4.2,2,"Single",4.1
"P153",19,"Transgender man",176.5,83.6,41.5,4.2,3.1,3.8,4,2.9,4.3,4.7,4.1,3.4,5,"Dating",4.5
"P154",24,"Man (cisgender)",182.2,79.5,44.2,4.1,4.6,4.9,4.4,5.2,3.6,4.2,4.1,2.6,3,"Committed relationship",4.5
"P155",24,"Woman (cisgender)",176,77.6,30.4,2.8,5.1,3.8,3.2,4.5,3.7,2.7,4.1,3.7,4,"Committed relationship",2.4
"P156",20,"Man (cisgender)",176.6,69.9,42.3,3,4.2,3.8,3.9,3.4,2.6,3.1,4.1,3.4,4,"Committed relationship",3.1
"P157",21,"Man (cisgender)",171.3,80.8,34.5,4.8,5,3,4.3,6.1,4.2,3.4,4.1,4.8,4,"Single",3.7
"P158",18,"Man (cisgender)",166.7,66.7,36,3.7,2.6,3.6,3.3,3.8,3.7,3.3,3.7,4.5,4,"Committed relationship",3.8
"P159",19,"Woman (cisgender)",163.8,74.1,16.2,3.3,2.3,4.7,4,2.3,3.6,4.5,4.1,3.2,3,"Committed relationship",3.7
"P160",20,"Man (cisgender)",185.7,78.9,43.4,3.8,4.7,5.1,4.4,4.5,3.6,1.9,3.6,3.7,3,"Committed relationship",3.2
"P161",19,"Woman (cisgender)",169.3,75,24.8,4.1,2.7,2.7,2.6,3.5,5.5,5,3.4,4.8,4,"Dating",4.9
"P162",21,"Woman (cisgender)",156.8,57.4,17.4,5.3,4.4,5.5,4,2.8,4.2,3.3,4.7,4.9,,"Single",4
"P163",25,"Prefer not to answer",162,56.9,20.8,4.3,3.8,2.4,5.3,4,3.1,3.8,2.9,3.2,6,"Dating",4.2
"P164",19,"Woman (cisgender)",167.6,42.7,8.5,4,4,4.7,5.2,4.5,3.9,4.2,4.7,4,5,"Dating",4.2
"P165",20,"Prefer not to answer",171.4,,28.2,3.2,4.8,4,5.5,3,4.3,4.5,5.2,2.4,0,"Dating",4.1
"P166",18,"Woman (cisgender)",154.9,50.4,12.5,3.8,2.6,4.5,5.4,4.8,3.6,5.9,4.6,3.6,0,"Dating",3.5
"P167",22,"Man (cisgender)",172.6,83.9,46.3,4.3,3.1,4.1,3.6,4.1,4.3,5.2,5.4,4.5,2,"Committed relationship",5.5
"P168",18,"Woman (cisgender)",154.9,67,23.7,2.9,2.8,4.3,4.2,4.5,4.3,3.9,3.8,2.5,1,"Single",3
"P169",18,"Man (cisgender)",188.2,98.3,42.8,4.7,2.4,3.7,3.6,3.4,4.9,4.8,3.1,5.3,12,"Committed relationship",5.5
"P170",24,"Man (cisgender)",170.8,69.9,27.3,4.3,3.9,4.2,3.2,4.8,3.5,2.6,3.6,5,4,"Dating",3.8
"P171",21,"Transgender woman",171.6,51.7,18.9,3.5,5.2,4.8,4,2,4.3,2.7,4.2,3.3,5,"Single",2.6
"P172",20,"Man (cisgender)",173.8,79.3,43.5,3.9,2.4,3.5,5.4,4.4,4.2,4.7,4.5,3.4,5,"Single",3.3
"P173",20,"Woman (cisgender)",159.1,52.6,16.7,5.1,3.4,3.5,2.7,3.7,3.6,4.8,3.2,4.6,4,"Single",4
"P174",19,"Woman (cisgender)",172.7,61.6,22,3.6,5.6,4.5,3.8,3.5,4.1,3.2,3.8,4,4,"Committed relationship",5
"P175",18,"Man (cisgender)",170.1,91.6,30.4,5.4,4.6,3.6,3.5,4,2.3,3.4,2.5,4.8,7,"Single",3.7
"P176",20,"Woman (cisgender)",162.8,72.2,21.8,3.9,5.5,3.5,4.3,4.3,4.4,4.1,4.1,4.4,7,"Committed relationship",3.2
"P177",18,"Woman (cisgender)",156.7,52.1,20.1,4.1,5,2.7,1.6,2.6,3.4,3.1,3.7,3.5,9,"Single",3.2
"P178",19,"Woman (cisgender)",169.7,,27.8,5.1,4.1,3.9,4.3,4.6,4.4,5,5.5,4.5,3,"Single",4.3
"P179",20,"Woman (cisgender)",168.5,62.9,20.2,4.7,3.9,4.9,4.5,6.1,4.7,4.5,6,4.9,3,"Committed relationship",5.5
"P180",22,"Woman (cisgender)",163.2,47.9,10.2,4.6,3.8,4.1,3.2,4,3.7,3.7,3.8,4.8,3,"Committed relationship",4.9
"P181",22,"Man (cisgender)",169.5,74.9,35.3,3.1,5.8,3.8,5.4,3.3,3.6,3.1,3.3,3.3,2,"Single",3.2
"P182",21,"Woman (cisgender)",169.1,,24.9,3.7,4,3.2,3.2,3.3,4.4,4.2,3.8,4.6,4,"Dating",3
"P183",21,"Woman (cisgender)",158.3,58,26.4,4.9,4.2,3.5,4.1,4.7,3.5,3.4,2.5,3.7,8,"Single",4.5
"P184",19,"Woman (cisgender)",173.6,69.7,32.3,5.4,4.5,5,4.7,2.7,3.6,4.2,3.1,4.9,4,"Single",3.6
"P185",19,"Woman (cisgender)",164.9,60.9,25.8,4.6,4.3,3.4,4.5,2.9,3.5,5,4.4,5,8,"Dating",5.5
"P186",21,"Man (cisgender)",175.8,69.4,36.9,4.3,4.4,4.2,4.5,3.9,4.8,4.3,3.7,4.2,4,"Single",4.3
"P187",20,"Woman (cisgender)",168.2,41.5,15.5,3.8,2.2,4.1,3.9,4.2,4.3,2.5,4.1,4.3,4,"Single",2.4
"P188",19,"Woman (cisgender)",168.3,59.5,14.7,4,3,4.1,5.3,4.1,4.9,3.8,3.7,,5,"Committed relationship",4.7
"P189",22,"Transgender woman",,54.8,14.8,4.6,3.9,4,2.8,3.4,5.6,4.8,3.4,5.2,5,"Dating",3.2
"P190",22,"Woman (cisgender)",153.5,46.4,17.7,4.5,4.3,4.2,4.2,3.9,5.3,5,5,3.8,7,"Single",5.5
"P191",18,"Not listed (please specify): _____",164.5,58,16.6,3.4,4.6,5,3.9,4,2.8,3.5,3.8,4.2,4,"Committed relationship",3.3
"P192",18,"Man (cisgender)",183.8,89.9,36.7,3.4,3.2,3.3,3.5,4.7,3,4.1,3.6,3.6,3,"Single",3.8
"P193",20,"Woman (cisgender)",162.6,62.5,28.5,3.1,3.9,3.9,3.5,3.7,3.6,3.9,5,3,2,"Single",3.9
"P194",20,"Man (cisgender)",186,83.6,41.6,4.3,5.6,5.3,3.5,2.6,4.4,4.3,5.2,5.5,4,"Dating",3.9
"P195",19,"Man (cisgender)",172.8,51.2,20.1,4.9,4.2,4.5,2.1,2.8,4.4,4.9,3.4,5.5,5,"Dating",3.9
"P196",19,"Woman (cisgender)",164.4,41.3,13.2,3.4,4.6,2.8,4.6,3.2,3.2,4.5,3.5,2.3,2,"Committed relationship",2.6
"P197",21,"Woman (cisgender)",162.5,71.9,15.2,3.7,2.8,4.2,5.1,4.1,5.7,4.2,5,3.8,6,"Dating",3.6
"P198",24,"Man (cisgender)",188.6,88.5,35.3,4.4,3.2,2.2,3.1,3.7,3.2,3.7,3.4,4.3,1,"Committed relationship",3.4
"P199",20,"Woman (cisgender)",158.7,61.7,17.3,2.8,3.4,2.5,3.4,2.7,3.8,4.8,4.4,3.2,,"Single",3.5
"P200",19,"Non-binary",167.1,63.4,12.3,4.5,4.3,4.8,2.2,5.3,5.2,4.6,4.6,5.8,3,"Single",4.5
"P201",20,"Non-binary",173.8,56.1,33,5.7,4.1,3.8,3.7,5.2,4.5,5.6,5.1,4.5,3,,5.7
"P202",18,"Man (cisgender)",170.9,60.7,31.1,5.5,4.3,4.7,2.4,3,5.7,4.8,5.3,4.7,6,"Dating",3.9
"P203",19,"Man (cisgender)",172.3,66,19.1,4.6,3.5,3.7,3.9,4.2,4.6,5,4,4.2,4,,5.3
"P204",22,"Man (cisgender)",,69.5,48.1,3.7,4,4.5,3.4,3.9,5.3,4,4.8,3.1,5,"Single",4.2
"P205",21,"Woman (cisgender)",170.7,73.1,21.8,4.7,2.5,5.1,3.8,4.9,5.5,3.5,2.8,6.1,5,"Committed relationship",4
"P206",18,"Woman (cisgender)",154.6,58,29.2,4.2,2.9,3.4,4,3.5,3.7,3.8,4.2,3.8,3,"Single",4.2
"P207",19,"Woman (cisgender)",163.1,61.6,27.5,3.1,5.5,4.7,4.9,2.9,3.2,3.7,3.4,3.2,0,"Committed relationship",3.4
"P208",18,"Transgender man",168.8,,18.7,4.8,5.2,4.5,4.9,3.9,3.9,3.3,4.9,3.3,3,"Dating",2.9
"P209",21,"Woman (cisgender)",156.7,46.3,22.6,3.1,3.5,4.3,4.3,2.2,3.9,4.3,4,3.2,1,"Single",4.2
"P210",20,"Woman (cisgender)",154,55.3,12.2,5.4,5,4.6,4.5,4.9,4.5,4,4.3,3.9,8,"Single",5.7
"P211",21,"Woman (cisgender)",163.2,70.4,28.9,4.3,5,5,4.3,3.9,3.8,4.4,3.8,2.9,3,"Single",4.5
"P212",20,"Man (cisgender)",171.7,86.6,31.3,3.7,3.3,4.4,4.5,4.4,4.6,5.6,4.4,3.1,,"Dating",3.1
"P213",21,"Woman (cisgender)",170,65.6,28.8,4.8,4,3.7,3.1,3.8,4.9,5.4,4.8,3.8,4,"Single",4.2
"P214",19,"Woman (cisgender)",166,68.3,13.9,4.5,3.6,4.4,4.3,5.3,5.8,3.8,4.5,4.5,,"Committed relationship",4.4
"P215",25,"Woman (cisgender)",165.7,50.7,32.8,2.4,5.5,4.8,4.1,2.1,2.2,3.9,2.8,2.5,2,"Committed relationship",3.1
"P216",20,"Woman (cisgender)",159.2,63.3,,5.7,4.6,4.2,2.3,4.4,3.6,3.6,4.4,6.3,5,"Committed relationship",4.5
"P217",22,"Prefer not to answer",166.7,57.8,17.4,4.3,4.9,4.2,4.7,3.8,3.8,2.9,3.7,4.1,4,"Dating",2.9
"P218",20,"Man (cisgender)",170.3,65.9,22.3,2.8,2.8,3.6,4.5,4.6,4.9,3.9,4.1,3.4,3,"Committed relationship",3.4
"P219",22,"Woman (cisgender)",173.6,63.7,27.1,5,3.7,3.3,2.2,5.2,4.6,4.2,3.2,5.7,6,"Single",5.6
"P220",24,"Man (cisgender)",187.2,102.3,48.7,3.6,4.8,4.4,4.5,3.8,3.5,3.8,3.5,3.6,3,"Dating",3.9
"P221",18,"Man (cisgender)",173.3,71.4,37.6,3.6,4.8,3.8,4.4,4.2,4.6,3.5,5.3,3.8,6,"Committed relationship",3.3
"P222",19,"Woman (cisgender)",166.1,67.3,18.8,4.4,3.6,5.3,3.3,4.2,4.2,4,4.2,5,4,"Committed relationship",3.4
"P223",25,"Woman (cisgender)",156.6,41.6,13.8,3.3,5.3,2.2,3.7,4.5,4.4,5.1,3.3,2.3,4,"Single",6.6
"P224",19,"Man (cisgender)",174.1,65.7,28.7,2.1,2.8,4.5,4.5,4.9,3.8,2.8,5.4,2.9,2,"Single",2.5
"P225",20,"Genderqueer or gender non-conforming",172.6,72.1,28,4.3,3.7,4.5,3.9,3.1,3.6,4.9,4.1,5.1,2,"Single",5.6
"P226",18,"Woman (cisgender)",170.8,59.9,14.1,3.2,4.1,4.8,4.9,2.8,4.6,4.6,3.7,4.4,1,"Single",2.8
"P227",25,"Man (cisgender)",176.8,95.2,50.4,3.6,3.7,3.8,3.8,5,4.6,5.5,3.4,3.5,5,"Single",4.8
"P228",19,"Woman (cisgender)",168.6,59.1,16.8,3.6,5,4.7,4.5,3.6,4.1,3.1,5.5,4.1,2,"Committed relationship",4.1
"P229",20,"Woman (cisgender)",161.7,43.8,24.3,4.3,4.7,4.6,3.5,3.9,4.6,4.2,4.5,3.8,6,"Dating",4.8
"P230",20,"Man (cisgender)",183,91.7,35.1,4.5,3.8,4.2,5.4,3.9,4.7,4.7,4.3,4.6,2,"Committed relationship",3.9
"P231",19,"Woman (cisgender)",176.7,69.5,16.2,3,2.7,4.1,2.1,3.4,3.1,5,4,3.3,3,"Single",4.9
"P232",24,"Non-binary",167.1,57.1,21.1,4.5,5.6,5.6,2.7,5,3,2.5,3.3,4.2,3,"Committed relationship",3.8
"P233",20,"Woman (cisgender)",153.8,53.2,20.1,2.8,4.2,5.1,3.9,4.8,3.6,4,4.8,2.9,1,"Single",4.5
"P234",20,"Man (cisgender)",179.4,82.1,33.8,5.2,4.1,3.8,2.5,2.8,3.9,2.8,4.1,4.2,8,"Single",3.6
"P235",18,"Woman (cisgender)",151.5,56.7,15.5,4.5,5,3.5,3.9,4,4.8,4.6,5.7,4.4,6,"Dating",5.2
"P236",19,"Woman (cisgender)",154.1,40.6,12.4,6.1,4.5,3.9,5.3,4.4,3.7,4.4,3.1,3.7,4,"Dating",4
"P237",21,"Man (cisgender)",177.4,93.1,28.3,1.6,3.7,2.1,3.7,4.7,2.8,3.4,3.3,3.7,4,"Dating",1.4
"P238",21,"Woman (cisgender)",176.7,69,22.6,4.2,4.4,3,3.8,4.5,3,3.3,2,3,4,"Single",4.4
"P239",24,"Woman (cisgender)",158,55.4,22.3,4.5,3.7,4.2,4.4,4.4,4.2,5.1,3.6,3.9,6,"Dating",4.1
"P240",19,"Man (cisgender)",174.5,87.5,42.6,4.4,4.2,4.2,4.3,3.6,4.8,3.3,4.3,4.7,5,"Single",3.7
"P241",18,"Woman (cisgender)",169.3,62.1,20,3.7,4.1,1.6,5,4.1,5.3,4.4,3.5,3.2,3,"Committed relationship",5
"P242",22,"Woman (cisgender)",168.3,51.4,32.5,2.9,2.7,3.8,4.3,3.4,5.2,4.5,4.2,3.9,3,"Dating",4.8
"P243",21,"Man (cisgender)",168,66.8,40,3.1,3.8,4.3,4,5.3,2.9,3.3,3.8,3.5,5,"Dating",2.9
"P244",18,"Genderqueer or gender non-conforming",165.7,66.7,25.9,4.1,3.9,4.4,3.3,4.1,5.7,3.9,5.4,4.2,9,"Dating",3.2
"P245",20,"Man (cisgender)",170.1,70.7,36.2,2.7,4.7,3.9,5.2,2.8,3.9,4.4,3.9,3.2,2,"Single",3.3
"P246",24,"Woman (cisgender)",174.7,,32.8,3.8,4.3,5,4.1,4.8,3.8,2.2,4.4,5.1,5,"Single",2.2
"P247",19,"Woman (cisgender)",166.9,67.4,20.3,3.6,3.6,3.5,4,3.7,3,3.8,3.9,3.9,6,"Single",3.6
"P248",25,"Woman (cisgender)",160.8,41.3,20,4.7,2,2,3.9,3.4,2.5,3.5,4.2,3.7,6,"Committed relationship",3.4
"P249",22,"Woman (cisgender)",171.1,79.8,30,5.4,4.6,6.1,3.4,4.4,4,4.4,4.3,3.2,5,"Single",4
"P250",19,"Woman (cisgender)",167.6,57.7,36.6,4.3,4.8,4.8,2.9,3.9,4.9,4.2,5.5,3.9,10,"Single",3.6
